{"cameraMode":{"drawMode":0,"name":"Shaded","section":"Shading Mode"},"sceneLighting":false,"audioPlay":false,"sceneViewState":{"showFog":true,"showMaterialUpdate":false,"showSkybox":false,"showFlares":true,"showImageEffects":true,"showParticleSystems":true},"in2DMode":false,"pivot":{"x":0.0,"y":0.153970867395401,"z":2.2351741790771486e-8},"rotation":{"x":0.17935697734355927,"y":-0.6824517846107483,"z":0.17849856615066529,"w":0.6857327222824097},"size":0.595654308795929,"orthographic":false}