{"cameraMode":{"drawMode":0,"name":"Shaded","section":"Shading Mode"},"sceneLighting":true,"audioPlay":false,"sceneViewState":{"showFog":true,"showMaterialUpdate":false,"showSkybox":true,"showFlares":true,"showImageEffects":true,"showParticleSystems":true},"in2DMode":false,"pivot":{"x":-36.106414794921878,"y":45.25419998168945,"z":-134.50270080566407},"rotation":{"x":0.2560957372188568,"y":0.14263437688350678,"z":-0.03817737475037575,"w":0.9553514122962952},"size":74.75592041015625,"orthographic":true}